{
    "sentiment": {
        "neg": 0.03840174672489084,
        "neu": 0.6955371179039296,
        "pos": 0.266,
        "compound": 0.9474183406113537
    },
    "coherence": 0.33991124411711027,
    "sentimentGT": {
        "neg": 0.059510917030567705,
        "neu": 0.741340611353713,
        "pos": 0.1991266375545851,
        "compound": 0.6261855895196506
    },
    "coherenceGT": 0.36500043679823213,
    "rouge_score": {
        "rouge-1": {
            "r": 0.3622984407361286,
            "p": 0.2395790116117227,
            "f": 0.28518260744962043
        },
        "rouge-2": {
            "r": 0.08297754483326313,
            "p": 0.05489547268485028,
            "f": 0.06509644456301215
        },
        "rouge-l": {
            "r": 0.3214540142153732,
            "p": 0.21252724727574795,
            "f": 0.2530213354395347
        }
    },
    "readability_score": 52.36786026200871
}