{
    "sentiment": {
        "neg": 0.07406986899563318,
        "neu": 0.708751091703057,
        "pos": 0.2171397379912664,
        "compound": 0.7511039301310045
    },
    "coherence": 0.3389569669323516,
    "sentimentGT": {
        "neg": 0.059510917030567705,
        "neu": 0.741340611353713,
        "pos": 0.1991266375545851,
        "compound": 0.6261855895196506
    },
    "coherenceGT": 0.36500043679823213,
    "rouge_score": {
        "rouge-1": {
            "r": 0.39682966590128815,
            "p": 0.2539777374371576,
            "f": 0.3061720720967946
        },
        "rouge-2": {
            "r": 0.09364891496695708,
            "p": 0.05868782457807376,
            "f": 0.07096538167431263
        },
        "rouge-l": {
            "r": 0.3477612246595515,
            "p": 0.2220631895572635,
            "f": 0.2679326445829605
        }
    },
    "readability_score": 54.67982532751097
}