{
    "sentiment": {
        "neg": 0.08021397379912666,
        "neu": 0.710218340611354,
        "pos": 0.20955458515283848,
        "compound": 0.6424406113537117
    },
    "coherence": 0.36859362536422924,
    "sentimentGT": {
        "neg": 0.059510917030567705,
        "neu": 0.741340611353713,
        "pos": 0.1991266375545851,
        "compound": 0.6261855895196506
    },
    "coherenceGT": 0.36500043679823213,
    "rouge_score": {
        "rouge-1": {
            "r": 0.3502299320765838,
            "p": 0.25614604971896837,
            "f": 0.2925082835456826
        },
        "rouge-2": {
            "r": 0.07891594532798522,
            "p": 0.05822422956711911,
            "f": 0.06594612605004223
        },
        "rouge-l": {
            "r": 0.31152593115690436,
            "p": 0.22724887328578675,
            "f": 0.2597995728073923
        }
    },
    "readability_score": 39.04947598253277
}