{
    "sentiment": {
        "neg": 0.037388646288209586,
        "neu": 0.687200873362446,
        "pos": 0.27543231441048033,
        "compound": 0.956373799126638
    },
    "coherence": 0.32980210241685787,
    "sentimentGT": {
        "neg": 0.059510917030567705,
        "neu": 0.741340611353713,
        "pos": 0.1991266375545851,
        "compound": 0.6261855895196506
    },
    "coherenceGT": 0.36500043679823213,
    "rouge_score": {
        "rouge-1": {
            "r": 0.3699639810667441,
            "p": 0.24805913279921823,
            "f": 0.293805336030434
        },
        "rouge-2": {
            "r": 0.08761394940754269,
            "p": 0.05828221847180871,
            "f": 0.0690861193965813
        },
        "rouge-l": {
            "r": 0.3259024231943632,
            "p": 0.21820853140619514,
            "f": 0.25859485170361945
        }
    },
    "readability_score": 54.40165938864628
}