{
    "sentiment": {
        "neg": 0.07559825327510915,
        "neu": 0.7144104803493448,
        "pos": 0.2099694323144104,
        "compound": 0.658086462882096
    },
    "coherence": 0.3482954679822699,
    "sentimentGT": {
        "neg": 0.059510917030567705,
        "neu": 0.741340611353713,
        "pos": 0.1991266375545851,
        "compound": 0.6261855895196506
    },
    "coherenceGT": 0.3650004337126455,
    "rouge_score": {
        "rouge-1": {
            "r": 0.3217659231640751,
            "p": 0.2690001268222257,
            "f": 0.28787745407644383
        },
        "rouge-2": {
            "r": 0.06975436163296252,
            "p": 0.06023288256024636,
            "f": 0.06333352988102482
        },
        "rouge-l": {
            "r": 0.28651790301670355,
            "p": 0.2385707433933225,
            "f": 0.2558327634878245
        }
    },
    "readability_score": 46.95572052401747
}