{
    "sentiment": {
        "neg": 0.03581659388646287,
        "neu": 0.6934017467248912,
        "pos": 0.2707598253275109,
        "compound": 0.9450532751091699
    },
    "coherence": 0.3166143454489542,
    "sentimentGT": {
        "neg": 0.059510917030567705,
        "neu": 0.741340611353713,
        "pos": 0.1991266375545851,
        "compound": 0.6261855895196506
    },
    "coherenceGT": 0.36500043679823213,
    "rouge_score": {
        "rouge-1": {
            "r": 0.3610841074787363,
            "p": 0.23298509210383178,
            "f": 0.27993302294348194
        },
        "rouge-2": {
            "r": 0.08301973933650365,
            "p": 0.053660505095059825,
            "f": 0.06423044458319999
        },
        "rouge-l": {
            "r": 0.32002206539700734,
            "p": 0.20658098937143393,
            "f": 0.2481341248233489
        }
    },
    "readability_score": 54.470611353711796
}