{
    "sentiment": {
        "neg": 0.03741921397379909,
        "neu": 0.6926069868995636,
        "pos": 0.26996069868995637,
        "compound": 0.9510502183406108
    },
    "coherence": 0.3325919807150922,
    "sentimentGT": {
        "neg": 0.059510917030567705,
        "neu": 0.741340611353713,
        "pos": 0.1991266375545851,
        "compound": 0.6261855895196506
    },
    "coherenceGT": 0.36500043679823213,
    "rouge_score": {
        "rouge-1": {
            "r": 0.36220954968248176,
            "p": 0.2419469418128073,
            "f": 0.2863914581226485
        },
        "rouge-2": {
            "r": 0.08362480516745095,
            "p": 0.05575122998057436,
            "f": 0.06574021813867457
        },
        "rouge-l": {
            "r": 0.32142756414648926,
            "p": 0.21454724634673003,
            "f": 0.2540574649332992
        }
    },
    "readability_score": 53.68432314410477
}