{
    "sentiment": {
        "neg": 0.03657205240174672,
        "neu": 0.6864716157205238,
        "pos": 0.2769912663755457,
        "compound": 0.9565489082969437
    },
    "coherence": 0.32502939627399874,
    "sentimentGT": {
        "neg": 0.059510917030567705,
        "neu": 0.741340611353713,
        "pos": 0.1991266375545851,
        "compound": 0.6261855895196506
    },
    "coherenceGT": 0.36500043679823213,
    "rouge_score": {
        "rouge-1": {
            "r": 0.36536307889096115,
            "p": 0.24185126139603985,
            "f": 0.28779134911401216
        },
        "rouge-2": {
            "r": 0.08692442806924564,
            "p": 0.056950758233323816,
            "f": 0.06779348726937853
        },
        "rouge-l": {
            "r": 0.32382242048650883,
            "p": 0.2143733233023965,
            "f": 0.25512981477805835
        }
    },
    "readability_score": 53.33270742358078
}