{
    "sentiment": {
        "neg": 0.07528384279475982,
        "neu": 0.7311615720524015,
        "pos": 0.19354585152838427,
        "compound": 0.7291746724890827
    },
    "coherence": 0.3495234160117622,
    "sentimentGT": {
        "neg": 0.059510917030567705,
        "neu": 0.741340611353713,
        "pos": 0.1991266375545851,
        "compound": 0.6261855895196506
    },
    "coherenceGT": 0.36500043679823213,
    "rouge_score": {
        "rouge-1": {
            "r": 0.415810250474693,
            "p": 0.25685140369991794,
            "f": 0.3141017776958361
        },
        "rouge-2": {
            "r": 0.10122395108610628,
            "p": 0.06019881789952594,
            "f": 0.0743718993096749
        },
        "rouge-l": {
            "r": 0.366670176833486,
            "p": 0.22633305521396674,
            "f": 0.27684773221373804
        }
    },
    "readability_score": 54.10253275109169
}