{
    "sentiment": {
        "neg": 0.05840611353711787,
        "neu": 0.7271179039301311,
        "pos": 0.21449344978165952,
        "compound": 0.8938668122270744
    },
    "coherence": 0.3020354260278225,
    "sentimentGT": {
        "neg": 0.059510917030567705,
        "neu": 0.741340611353713,
        "pos": 0.1991266375545851,
        "compound": 0.6261855895196506
    },
    "coherenceGT": 0.36500043679823213,
    "rouge_score": {
        "rouge-1": {
            "r": 0.42022364694348885,
            "p": 0.21276032408427462,
            "f": 0.27886887725284887
        },
        "rouge-2": {
            "r": 0.09971118655985159,
            "p": 0.04775713168380615,
            "f": 0.06344654544986447
        },
        "rouge-l": {
            "r": 0.3763286421148018,
            "p": 0.19011292368570315,
            "f": 0.24936336843920887
        }
    },
    "readability_score": 51.33899563318774
}