{
    "sentiment": {
        "neg": 0.054786026200873354,
        "neu": 0.7242489082969435,
        "pos": 0.22099126637554578,
        "compound": 0.905353711790393
    },
    "coherence": 0.25587414512651113,
    "sentimentGT": {
        "neg": 0.059510917030567705,
        "neu": 0.741340611353713,
        "pos": 0.1991266375545851,
        "compound": 0.6261855895196506
    },
    "coherenceGT": 0.36500043679823213,
    "rouge_score": {
        "rouge-1": {
            "r": 0.3695311557394281,
            "p": 0.2023216565010744,
            "f": 0.2569026634111964
        },
        "rouge-2": {
            "r": 0.08810931952329916,
            "p": 0.04682069912965333,
            "f": 0.059637976828914696
        },
        "rouge-l": {
            "r": 0.33494077773277325,
            "p": 0.18304904995178542,
            "f": 0.23251030883400145
        }
    },
    "readability_score": 46.4476419213974
}