{
    "sentiment": {
        "neg": 0.0701484716157205,
        "neu": 0.7209999999999999,
        "pos": 0.20881222707423588,
        "compound": 0.7714965065502185
    },
    "coherence": 0.3377594763291606,
    "sentimentGT": {
        "neg": 0.059510917030567705,
        "neu": 0.741340611353713,
        "pos": 0.1991266375545851,
        "compound": 0.6261855895196506
    },
    "coherenceGT": 0.36500043679823213,
    "rouge_score": {
        "rouge-1": {
            "r": 0.4185112803954475,
            "p": 0.2592613628086624,
            "f": 0.3167050415438796
        },
        "rouge-2": {
            "r": 0.10191929082726459,
            "p": 0.0612127009441225,
            "f": 0.07542094566753492
        },
        "rouge-l": {
            "r": 0.3705482210384514,
            "p": 0.22899085875150624,
            "f": 0.2799696584516242
        }
    },
    "readability_score": 51.87170305676854
}