{
    "sentiment": {
        "neg": 0.0804323144104803,
        "neu": 0.7093580786026202,
        "pos": 0.2101528384279476,
        "compound": 0.6958462882096068
    },
    "coherence": 0.3617339382286195,
    "sentimentGT": {
        "neg": 0.059510917030567705,
        "neu": 0.741340611353713,
        "pos": 0.1991266375545851,
        "compound": 0.6261855895196506
    },
    "coherenceGT": 0.36500043679823213,
    "rouge_score": {
        "rouge-1": {
            "r": 0.35816515679257765,
            "p": 0.26282400880518375,
            "f": 0.2995216264059543
        },
        "rouge-2": {
            "r": 0.08548765274051125,
            "p": 0.06483086576307444,
            "f": 0.07266517857855274
        },
        "rouge-l": {
            "r": 0.3201007926265783,
            "p": 0.23420786570783386,
            "f": 0.2672391515477527
        }
    },
    "readability_score": 42.15803493449787
}