{
    "sentiment": {
        "neg": 0.07184279475982533,
        "neu": 0.7190131004366814,
        "pos": 0.2091266375545852,
        "compound": 0.7685877729257641
    },
    "coherence": 0.35006403350201676,
    "sentimentGT": {
        "neg": 0.059510917030567705,
        "neu": 0.741340611353713,
        "pos": 0.1991266375545851,
        "compound": 0.6261855895196506
    },
    "coherenceGT": 0.36500043679823213,
    "rouge_score": {
        "rouge-1": {
            "r": 0.3991570039108231,
            "p": 0.2517999142878848,
            "f": 0.3054090652215011
        },
        "rouge-2": {
            "r": 0.09556323134639183,
            "p": 0.05950743539086842,
            "f": 0.07221519873273587
        },
        "rouge-l": {
            "r": 0.35214802565096676,
            "p": 0.22217132660819405,
            "f": 0.2694462036135278
        }
    },
    "readability_score": 53.65170305676858
}