{
    "sentiment": {
        "neg": 0.08262008733624453,
        "neu": 0.7137336244541482,
        "pos": 0.2035938864628821,
        "compound": 0.7065737991266375
    },
    "coherence": 0.3726853194374501,
    "sentimentGT": {
        "neg": 0.059510917030567705,
        "neu": 0.741340611353713,
        "pos": 0.1991266375545851,
        "compound": 0.6261855895196506
    },
    "coherenceGT": 0.36500043679823213,
    "rouge_score": {
        "rouge-1": {
            "r": 0.37698478300248867,
            "p": 0.2586134429626259,
            "f": 0.30344623643145135
        },
        "rouge-2": {
            "r": 0.09242644109974245,
            "p": 0.062751065733723,
            "f": 0.07363985148260267
        },
        "rouge-l": {
            "r": 0.33560196226418626,
            "p": 0.2298590294909435,
            "f": 0.26986102219120917
        }
    },
    "readability_score": 43.10401746724893
}