{
    "sentiment": {
        "neg": 0.059737991266375516,
        "neu": 0.7090829694323145,
        "pos": 0.23118340611353713,
        "compound": 0.8828991266375543
    },
    "coherence": 0.3390053548902862,
    "sentimentGT": {
        "neg": 0.059510917030567705,
        "neu": 0.741340611353713,
        "pos": 0.1991266375545851,
        "compound": 0.6261855895196506
    },
    "coherenceGT": 0.3650004337126455,
    "rouge_score": {
        "rouge-1": {
            "r": 0.40420892854381,
            "p": 0.22963843901401812,
            "f": 0.28881037710990753
        },
        "rouge-2": {
            "r": 0.09854401491029861,
            "p": 0.053658391813807306,
            "f": 0.06829335252629581
        },
        "rouge-l": {
            "r": 0.365318327153997,
            "p": 0.20688025636489044,
            "f": 0.2604677435864883
        }
    },
    "readability_score": 49.133973799126636
}