{
    "sentiment": {
        "neg": 0.074,
        "neu": 0.69,
        "pos": 0.236,
        "compound": 1.0
    },
    "coherence": 0.32988789588814543,
    "sentimentGT": {
        "neg": 0.07,
        "neu": 0.682,
        "pos": 0.249,
        "compound": 0.8695
    },
    "coherenceGT": 0.4021494812857426,
    "rouge_score": {
        "rouge-1": {
            "r": 1.0,
            "p": 0.02207911683532659,
            "f": 0.04320432000933308
        },
        "rouge-2": {
            "r": 1.0,
            "p": 0.0064839735747492045,
            "f": 0.012884404879886804
        },
        "rouge-l": {
            "r": 1.0,
            "p": 0.02207911683532659,
            "f": 0.04320432000933308
        }
    },
    "readability_score": 55.88
}