{
    "sentiment": {
        "neg": 0.06576855895196505,
        "neu": 0.7201877729257644,
        "pos": 0.21406986899563324,
        "compound": 0.7995179039301301
    },
    "coherence": 0.3549772984257824,
    "sentimentGT": {
        "neg": 0.059510917030567705,
        "neu": 0.741340611353713,
        "pos": 0.1991266375545851,
        "compound": 0.6261855895196506
    },
    "coherenceGT": 0.36500043679823213,
    "rouge_score": {
        "rouge-1": {
            "r": 0.38002384367601594,
            "p": 0.2613716104692881,
            "f": 0.3060235005223702
        },
        "rouge-2": {
            "r": 0.0950364587335457,
            "p": 0.06536067618670106,
            "f": 0.07622875730009962
        },
        "rouge-l": {
            "r": 0.3389207825000101,
            "p": 0.23312649572574337,
            "f": 0.2729104366772707
        }
    },
    "readability_score": 43.21410480349343
}